{
  "project_info": {
    "project_number": "636688437252",
    "firebase_url": "https://travelmantics-aef29.firebaseio.com",
    "project_id": "travelmantics-aef29",
    "storage_bucket": "travelmantics-aef29.appspot.com"
  },
  "client": [
    {
      "client_info": {
        "mobilesdk_app_id": "1:636688437252:android:3aeb00b60833d4fa",
        "android_client_info": {
          "package_name": "com.e.travelmantics"
        }
      },
      "oauth_client": [
        {
          "client_id": "636688437252-dd398hjvba2fgtga2mscq86brarf29l5.apps.googleusercontent.com",
          "client_type": 1,
          "android_info": {
            "package_name": "com.e.travelmantics",
            "certificate_hash": "335e8b0214807bce3155373038c4c72e2a5b9507"
          }
        },
        {
          "client_id": "636688437252-thk3sutja6akg21si47brv0m1o0ne3d7.apps.googleusercontent.com",
          "client_type": 3
        }
      ],
      "api_key": [
        {
          "current_key": "AIzaSyBL0xknW2fXXFkviEcAXqjHnfFmB_8bbPs"
        }
      ],
      "services": {
        "appinvite_service": {
          "other_platform_oauth_client": [
            {
              "client_id": "636688437252-thk3sutja6akg21si47brv0m1o0ne3d7.apps.googleusercontent.com",
              "client_type": 3
            }
          ]
        }
      }
    }
  ],
  "configuration_version": "1"
}